-- ----------------------------
-- 1、用户信息表
-- ----------------------------
drop table if exists sys_user;
create table sys_user (
                          user_id           bigint(20)      not null auto_increment    comment '用户ID',
                          user_name         varchar(30)     not null                   comment '用户账号',
                          nick_name         varchar(30)     not null                   comment '用户昵称',
                          user_type         varchar(2)      default '00'               comment '用户类型（00系统用户）',
                          email             varchar(50)     default ''                 comment '用户邮箱',
                          phonenumber       varchar(11)     default ''                 comment '手机号码',
                          sex               char(1)         default '0'                comment '用户性别（0男 1女 2未知）',
                          avatar            varchar(100)    default ''                 comment '头像地址',
                          password          varchar(100)    default ''                 comment '密码',
                          status            char(1)         default '0'                comment '帐号状态（0正常 1停用）',
                          del_flag          char(1)         default '0'                comment '删除标志（0代表存在 2代表删除）',
                          login_ip          varchar(128)    default ''                 comment '最后登录IP',
                          login_date        datetime                                   comment '最后登录时间',
                          create_by         varchar(64)     default ''                 comment '创建者',
                          create_time       datetime                                   comment '创建时间',
                          update_by         varchar(64)     default ''                 comment '更新者',
                          update_time       datetime                                   comment '更新时间',
                          remark            varchar(500)    default null               comment '备注',
                          primary key (user_id)
) engine=innodb auto_increment=100 comment = '用户信息表';

-- ----------------------------
-- 初始化-用户信息表数据
-- ----------------------------
insert into sys_user values(1,  'admin', '管理', '00', 'ry@163.com', '15888888888', '1', '', '$2a$10$7JB720yubVSZvUI0rEqK/.VqGOZTH.ulu33dHOiBE8ByOhJIrdAu2', '0', '0', '127.0.0.1', sysdate(), 'admin', sysdate(), '', null, '管理员');
insert into sys_user values(2,  'zz',    '测试', '00', 'ry@qq.com',  '15666666666', '1', '', '$2a$10$7JB720yubVSZvUI0rEqK/.VqGOZTH.ulu33dHOiBE8ByOhJIrdAu2', '0', '0', '127.0.0.1', sysdate(), 'admin', sysdate(), '', null, '测试员');

-- ----------------------------
-- 2、角色信息表
-- ----------------------------
drop table if exists sys_role;
create table sys_role (
                          role_id              bigint(20)      not null auto_increment    comment '角色ID',
                          role_name            varchar(30)     not null                   comment '角色名称',
                          role_key             varchar(100)    not null                   comment '角色权限字符串',
                          role_sort            int(4)          not null                   comment '显示顺序',
                          data_scope           char(1)         default '1'                comment '数据范围（1：全部数据权限 2：自定数据权限 3：本部门数据权限 4：本部门及以下数据权限）',
                          menu_check_strictly  tinyint(1)      default 1                  comment '菜单树选择项是否关联显示',
                          dept_check_strictly  tinyint(1)      default 1                  comment '部门树选择项是否关联显示',
                          status               char(1)         not null                   comment '角色状态（0正常 1停用）',
                          del_flag             char(1)         default '0'                comment '删除标志（0代表存在 2代表删除）',
                          create_by            varchar(64)     default ''                 comment '创建者',
                          create_time          datetime                                   comment '创建时间',
                          update_by            varchar(64)     default ''                 comment '更新者',
                          update_time          datetime                                   comment '更新时间',
                          remark               varchar(500)    default null               comment '备注',
                          primary key (role_id)
) engine=innodb auto_increment=100 comment = '角色信息表';

-- ----------------------------
-- 初始化-角色信息表数据
-- ----------------------------
insert into sys_role values('1', '超级管理员',  'admin',  1, 1, 1, 1, '0', '0', 'admin', sysdate(), '', null, '超级管理员');
insert into sys_role values('2', '普通角色',    'common', 2, 2, 1, 1, '0', '0', 'admin', sysdate(), '', null, '普通角色');


-- ----------------------------
-- 3、菜单权限表
-- ----------------------------
drop table if exists sys_menu;
create table sys_menu (
                          menu_id           bigint(20)      not null auto_increment    comment '菜单ID',
                          menu_name         varchar(50)     not null                   comment '菜单名称',
                          parent_id         bigint(20)      default 0                  comment '父菜单ID',
                          order_num         int(4)          default 0                  comment '显示顺序',
                          path              varchar(200)    default ''                 comment '路由地址',
                          component         varchar(255)    default null               comment '组件路径',
                          query             varchar(255)    default null               comment '路由参数',
                          is_frame          int(1)          default 1                  comment '是否为外链（0是 1否）',
                          is_cache          int(1)          default 0                  comment '是否缓存（0缓存 1不缓存）',
                          menu_type         char(1)         default ''                 comment '菜单类型（M目录 C菜单 F按钮）',
                          visible           char(1)         default 0                  comment '菜单状态（0显示 1隐藏）',
                          status            char(1)         default 0                  comment '菜单状态（0正常 1停用）',
                          perms             varchar(100)    default null               comment '权限标识',
                          icon              varchar(100)    default '#'                comment '菜单图标',
                          create_by         varchar(64)     default ''                 comment '创建者',
                          create_time       datetime                                   comment '创建时间',
                          update_by         varchar(64)     default ''                 comment '更新者',
                          update_time       datetime                                   comment '更新时间',
                          remark            varchar(500)    default ''                 comment '备注',
                          primary key (menu_id)
) engine=innodb auto_increment=2000 comment = '菜单权限表';

-- ----------------------------
-- 初始化-菜单信息表数据
-- ----------------------------
-- 一级菜单
insert into sys_menu values('1', '系统管理', '0', '1', 'system',           null, '', 1, 0, 'M', '0', '0', '', 'system',   'admin', sysdate(), '', null, '系统管理目录');
insert into sys_menu values('2', '系统监控', '0', '2', 'monitor',          null, '', 1, 0, 'M', '0', '0', '', 'monitor',  'admin', sysdate(), '', null, '系统监控目录');
insert into sys_menu values('3', '系统工具', '0', '3', 'tool',             null, '', 1, 0, 'M', '0', '0', '', 'tool',     'admin', sysdate(), '', null, '系统工具目录');
insert into sys_menu values('4', '若依官网', '0', '4', 'http://ruoyi.vip', null, '', 0, 0, 'M', '0', '0', '', 'guide',    'admin', sysdate(), '', null, '若依官网地址');
-- 二级菜单
insert into sys_menu values('100',  '用户管理', '1',   '1', 'user',       'system/user/index',        '', 1, 0, 'C', '0', '0', 'system:user:list',        'user',          'admin', sysdate(), '', null, '用户管理菜单');
insert into sys_menu values('101',  '角色管理', '1',   '2', 'role',       'system/role/index',        '', 1, 0, 'C', '0', '0', 'system:role:list',        'peoples',       'admin', sysdate(), '', null, '角色管理菜单');


-- ----------------------------
-- 4、用户和角色关联表  用户N-1角色
-- ----------------------------
drop table if exists sys_user_role;
create table sys_user_role (
                               user_id   bigint(20) not null comment '用户ID',
                               role_id   bigint(20) not null comment '角色ID',
                               primary key(user_id, role_id)
) engine=innodb comment = '用户和角色关联表';

-- ----------------------------
-- 初始化-用户和角色关联表数据
-- ----------------------------
insert into sys_user_role values ('1', '1');
insert into sys_user_role values ('2', '2');


-- ----------------------------
-- 5、角色和菜单关联表  角色1-N菜单
-- ----------------------------
drop table if exists sys_role_menu;
create table sys_role_menu (
                               role_id   bigint(20) not null comment '角色ID',
                               menu_id   bigint(20) not null comment '菜单ID',
                               primary key(role_id, menu_id)
) engine=innodb comment = '角色和菜单关联表';

-- ----------------------------
-- 初始化-角色和菜单关联表数据
-- ----------------------------
insert into sys_role_menu values ('2', '1');
insert into sys_role_menu values ('2', '2');
insert into sys_role_menu values ('2', '3');
insert into sys_role_menu values ('2', '4');
insert into sys_role_menu values ('2', '100');
insert into sys_role_menu values ('2', '101');